YRDD Input File,Num Partitions,Best Lambda,Time Taken,Lambda List,RSS
../data/mnist/deg/0.0.npy,2,8,91.3746938705,"[10076.185467452411, 53.93735547485526, 52.43937353848897, 51.921766767808435, 51.77868746903895, 51.83070217423991, 51.998426429128756, 52.239609445789654, 52.52923352046234, 52.85140405330611]","[0, 2, 4, 6, 8, 10, 12, 14, 16, 18]"

