YRDD Input File,Num Partitions,Best Lambda,Time Taken,Lambda List,RSS
../data/mnist/deg/0.0.npy,10,8,64.7754530907,"[1717.9678545125732, 52.76248753821626, 51.44161744531169, 51.01623822947653, 50.93861750986659, 51.04257941599754, 51.25351645254368, 51.53148655968178, 51.85284146803173, 52.20261582478398]","[0, 2, 4, 6, 8, 10, 12, 14, 16, 18]"

